mode,episode,agent,success,steps,time_s,steps_to_success,spawn_dist,path_len,net_disp,tortuosity,spl,path_efficiency,min_dist,monotonic_frac,noop_frac,zflip_frac,depth_band_frac,final_dS,final_dtau,nc_file
random,0,0,False,3600,3600.0,,278.1506912282311,3377.730932936831,732.7335324154805,4.609767102922161,0.0,nan,8.89402397523355,0.5475,0.04111111111111111,0.514037985136251,0.07,1.0297631080914584,0.46122710553202284,nonhydro_winter_run026.nc
random,0,1,False,3600,3600.0,,65.96094892145089,3566.3018344759575,473.70436177082513,7.528539152867901,0.0,nan,40.43300164554898,0.4986111111111111,0.030555555555555555,0.4954620462046205,0.08,1.015611956494169,0.26482455516552805,nonhydro_winter_run026.nc
random,1,0,False,1239,1239.0,,67.04110777533738,1408.020893697363,403.90459057908043,3.4860234979718228,0.0,nan,12.62918720782642,0.5205811138014528,0.0258272800645682,0.5024213075060533,0.0,0.1346735437247233,0.12442051212332728,nonhydro_winter_run015.nc
random,1,1,True,1239,1239.0,1239,215.98167067237966,1326.9944653693765,333.8629552216124,3.9746681823041454,0.1627600388011113,0.1627600388011113,3.793827725203868,0.5996771589991929,0.03470540758676352,0.5096385542168674,0.17271993543179984,0.11305526274873046,0.0466452596117658,nonhydro_winter_run015.nc
random,2,0,False,2218,2218.0,,327.7413696405902,2425.261978739977,64.09440452056758,37.838903362644125,0.0,nan,92.13960622592516,0.5256988277727682,0.03832281334535618,0.5085078534031413,0.45401262398557257,1.554546882992227,0.013648337033842606,nonhydro_winter_run026.nc
random,2,1,True,2218,2218.0,2218,96.43099952120069,2458.432313205257,315.1325025325031,7.801265478643199,0.03922458999714164,0.03922458999714164,2.142524299362046,0.527502254283138,0.03832281334535618,0.5124579124579125,0.1988277727682597,0.09110395040639929,0.045696515170437046,nonhydro_winter_run026.nc
random,3,0,False,3600,3600.0,,57.99633419679201,3523.683852593269,152.36098420281056,23.12720589874129,0.0,nan,17.498875266489126,0.4986111111111111,0.036944444444444446,0.4991769547325103,0.03722222222222222,0.20762147875925763,0.1473597895507246,nonhydro_winter_run025.nc
random,3,1,False,3600,3600.0,,20.79846717474991,3432.038330350274,442.92723826405086,7.748537533616901,0.0,nan,15.252793359411976,0.5008333333333334,0.034166666666666665,0.5075125208681135,0.08222222222222222,0.3765438648335504,0.1580376026157292,nonhydro_winter_run025.nc
random,4,0,False,797,797.0,,376.2072368733783,1072.5384709302857,809.6163705744565,1.324748992129785,0.0,nan,9.273923987410054,0.7327478042659975,0.03638644918444166,0.5238095238095238,0.0,0.32815417885305465,0.11035311838148831,nonhydro_winter_run022.nc
random,4,1,True,797,797.0,797,215.06634493623778,1034.1561553119145,721.2295942806211,1.4338792577465114,0.20796312416800447,0.20796312416800447,1.7431939026957,0.6336260978670013,0.03889585947302384,0.48066298342541436,0.0012547051442910915,0.09872265083923537,0.04953655826208547,nonhydro_winter_run022.nc
random,5,0,False,1297,1297.0,,93.02128327917016,1346.938080319813,349.53924747016094,3.853467357581345,0.0,nan,64.33051519478107,0.4618350038550501,0.03546646106399383,0.5092807424593968,0.23747108712413262,0.7529413945789187,0.02441489889244397,nonhydro_winter_run021.nc
random,5,1,True,1297,1297.0,1297,37.53441912281046,1519.967257255144,532.5752046729936,2.853995537002927,0.024694228736606184,0.024694228736606184,2.196395879065602,0.5142636854279106,0.03392444101773323,0.5058139534883721,0.02158828064764842,0.050435452523643676,0.04419266041113157,nonhydro_winter_run021.nc
random,6,0,False,477,477.0,,56.88935350855361,484.77709963222946,93.58796241380853,5.179908688349673,0.0,nan,28.391997206572345,0.5073375262054507,0.04821802935010482,0.5207667731629393,0.0,3.5235742719635255,0.38824324568533897,nonhydro_winter_run014.nc
random,6,1,True,477,477.0,477,128.90647192958957,640.6178046612646,476.3987062525818,1.3447093710653686,0.2012221186979819,0.2012221186979819,1.2362357415074678,0.6477987421383647,0.031446540880503145,0.46006389776357826,0.12159329140461216,0.0626007459634863,0.024878957162730253,nonhydro_winter_run014.nc
random,7,0,False,417,417.0,,649.9576085366115,456.87779335165334,53.28993469330643,8.573435039488615,0.0,nan,649.868307405994,0.4748201438848921,0.026378896882494004,0.5169811320754717,0.14628297362110312,1.4818849265610439,0.30110457405970636,nonhydro_winter_run029.nc
random,7,1,True,417,417.0,417,65.07770211623993,608.0631776539947,142.2540581796838,4.274487388513996,0.1070245732808886,0.1070245732808886,3.388867328851778,0.5971223021582733,0.05755395683453238,0.5074074074074074,0.2158273381294964,0.10833886812407911,0.0416303461503168,nonhydro_winter_run029.nc
random,8,0,False,2607,2607.0,,54.922255120373855,2974.6708643351612,46.71822731206866,63.672597088603965,0.0,nan,6.894712286895447,0.5024932873034139,0.03298810893747603,0.516743648960739,0.06444188722669736,1.4474886070422173,0.3973437855034607,nonhydro_winter_run022.nc
random,8,1,True,2607,2607.0,2607,45.484082651021815,3077.175230155291,166.20643894997355,18.514175802066788,0.014781115552111876,0.014781115552111876,4.128991738773806,0.5151515151515151,0.04487917146144994,0.4866785079928952,0.012658227848101266,0.13589755289403627,0.038476581078665584,nonhydro_winter_run022.nc
random,9,0,False,3600,3600.0,,123.56788008557244,3913.551633633253,527.5705803635594,7.418062680705862,0.0,nan,5.048098851949366,0.4961111111111111,0.035,0.5002044989775051,0.035277777777777776,0.3892108133581189,0.5208793404590004,nonhydro_winter_run013.nc
random,9,1,False,3600,3600.0,,486.9698892677832,3921.4452991929124,586.3913566428623,6.687420022088153,0.0,nan,15.008064927738648,0.5666666666666667,0.03833333333333333,0.4928571428571429,0.08611111111111111,1.2948351257385369,0.005779421908909899,nonhydro_winter_run013.nc
random,10,0,False,3600,3600.0,,328.4239012945333,4270.676825407913,161.5572957752357,26.434441136904347,0.0,nan,2.3262047765508864,0.485,0.03944444444444444,0.5064610254272613,0.1275,3.2335895002500195,0.05928896916851878,nonhydro_winter_run024.nc
random,10,1,False,3600,3600.0,,188.05555011905793,3642.8984862602715,220.62000914280887,16.51209471169135,0.0,nan,148.02652319364032,0.4722222222222222,0.035277777777777776,0.5089546022490629,0.1,2.1174416190805374,0.1907432100267923,nonhydro_winter_run024.nc
random,11,0,False,1240,1240.0,,55.705453423348295,1457.4570273491424,655.7171513152317,2.2226916352969996,0.0,nan,50.96504140494985,0.4588709677419355,0.03306451612903226,0.4876325088339223,0.02338709677419355,1.2048866444150619,0.12544020286733493,nonhydro_winter_run005.nc
random,11,1,True,1240,1240.0,1240,46.089605378138195,1266.7725881475285,433.17515495078766,2.92438883825515,0.03638348809357927,0.03638348809357927,1.9784725222081805,0.5298387096774193,0.037096774193548385,0.5086206896551724,0.4274193548387097,0.12880974580485116,0.002303892563197296,nonhydro_winter_run005.nc
random,12,0,True,538,538.0,538,27.562947728923138,509.70190075769654,59.9187918658314,8.50654502345454,0.05407660377163492,0.05407660377163492,3.510494255973665,0.5483271375464684,0.02973977695167286,0.4553072625698324,0.23048327137546468,0.14851671983134196,0.04602089759964878,nonhydro_winter_run019.nc
random,12,1,False,538,538.0,,144.8094174507521,777.6710227640692,526.2042012843795,1.4778882815186574,0.0,nan,52.367806178279665,0.5055762081784386,0.05390334572490706,0.4986072423398329,0.27695167286245354,1.189847516176279,0.10130887352056961,nonhydro_winter_run019.nc
random,13,0,False,153,153.0,,138.01485918576225,156.8125932706513,47.8580152720607,3.276621322033758,0.0,nan,137.85859704452972,0.43790849673202614,0.006535947712418301,0.5135135135135135,0.0,0.8592587578020527,0.29496471156354087,nonhydro_winter_run027.nc
random,13,1,True,153,153.0,153,20.137070407450043,203.64532783355895,165.43742838278283,1.2309507577836143,0.09888304643015547,0.09888304643015547,4.102120078857017,0.5620915032679739,0.0392156862745098,0.5142857142857142,0.1830065359477124,0.1394123302652588,0.022554426462786492,nonhydro_winter_run027.nc
random,14,0,False,2059,2059.0,,214.35830585441508,2206.309537882078,300.451112572247,7.343322908653051,0.0,nan,214.35830585441508,0.4497328800388538,0.03351141330743079,0.490280777537797,0.5390966488586693,2.1677567947837275,0.24902544586775588,nonhydro_winter_run005.nc
random,14,1,True,2059,2059.0,2059,296.2960705446694,2318.2745273980318,448.27545225273826,5.171540212045753,0.12780887985566752,0.12780887985566752,2.0021652471605607,0.5624089363768819,0.036425449247207385,0.5306859205776173,0.21466731423020885,0.039172524552256505,0.04750197997934957,nonhydro_winter_run005.nc
random,15,0,False,3600,3600.0,,203.2020441719045,3329.407282855944,191.6259155336942,17.37451468181256,0.0,nan,58.3525238656683,0.5230555555555556,0.03361111111111111,0.5162635529608006,0.08388888888888889,1.215918955691194,0.16416918195632269,nonhydro_winter_run028.nc
random,15,1,False,3600,3600.0,,100.95504928114029,3419.0428030131106,168.91036439405093,20.2417584929059,0.0,nan,9.735213734631246,0.5033333333333333,0.03916666666666667,0.49767834529337274,0.21805555555555556,0.6414655082678777,0.11925486996949908,nonhydro_winter_run028.nc
random,16,0,False,379,379.0,,89.30185692233505,407.64033373137227,165.94308225088866,2.456506943236492,0.0,nan,76.03995655076758,0.5118733509234829,0.0395778364116095,0.503731343283582,0.0,3.034826240152505,0.4724014196462901,nonhydro_winter_run017.nc
random,16,1,True,379,379.0,379,88.38699606330792,426.62736123234714,147.12180600214873,2.8998241173447545,0.207176107523894,0.207176107523894,3.812002018454259,0.6226912928759895,0.04221635883905013,0.5095057034220533,0.3034300791556728,0.10918437032454875,0.047989846709351136,nonhydro_winter_run017.nc
random,17,0,True,2622,2622.0,2622,39.091845156015985,2795.0501967361697,178.18562706350642,15.68617089267249,0.013986097710039067,0.013986097710039067,3.0248677458707083,0.5053394355453852,0.033943554538520215,0.5120448179271708,0.004195270785659802,0.08731691362544325,0.015411228134761479,nonhydro_winter_run023.nc
random,17,1,False,2622,2622.0,,48.697133970214786,2744.048629944242,176.3492432184497,15.560308509773968,0.0,nan,16.549482955841114,0.49046529366895497,0.031273836765827616,0.5065008479366874,0.0,2.148448606262015,0.4841231599167617,nonhydro_winter_run023.nc
random,18,0,False,3600,3600.0,,287.8395908715486,3935.3486917686423,135.69365418531757,29.001715042577562,0.0,nan,59.69903291012152,0.4938888888888889,0.04111111111111111,0.5068607068607068,0.06027777777777778,1.9069761618018433,0.22416089076928403,nonhydro_winter_run027.nc
random,18,1,False,3600,3600.0,,29.100150752272448,3819.3445848583924,723.1870152852196,5.281268197759429,0.0,nan,3.8050912812137083,0.4672222222222222,0.04055555555555555,0.47837043259134815,0.006666666666666667,0.660812795978444,0.49564704172265284,nonhydro_winter_run027.nc
random,19,0,False,122,122.0,,144.25421938072498,141.1387369122202,90.20336443027193,1.5646726461219946,0.0,nan,144.25421938072498,0.16393442622950818,0.04918032786885246,0.46511627906976744,0.0,0.4095214601859425,0.28618774641841105,nonhydro_winter_run018.nc
random,19,1,True,122,122.0,122,13.760239785102403,129.66869551039758,59.76200000831834,2.1697516062439153,0.10611844077662544,0.10611844077662544,2.819642376390094,0.5491803278688525,0.040983606557377046,0.4578313253012048,0.3442622950819672,0.14293215199014497,0.025940108952294816,nonhydro_winter_run018.nc
random,20,0,False,3600,3600.0,,20.574159194352205,4058.6401312427115,765.9938919906816,5.298528060967992,0.0,nan,3.419840451974259,0.4633333333333333,0.0425,0.509594882729211,0.1836111111111111,1.5732109056947579,0.28179736765199226,nonhydro_winter_run027.nc
random,20,1,False,3600,3600.0,,67.12760054420819,2804.0669325632075,93.28157651985923,30.060243803514986,0.0,nan,37.2631859271429,0.5180555555555556,0.034722222222222224,0.5004212299915753,0.0,1.2812452785174884,0.371548989716074,nonhydro_winter_run027.nc
random,21,0,False,3600,3600.0,,133.92763805229183,4193.268279616368,157.9799949832999,26.543033376217284,0.0,nan,133.92763805229183,0.49444444444444446,0.03805555555555556,0.49191877331123085,0.04472222222222222,0.6994909496488617,0.1930131451053858,nonhydro_winter_run010.nc
random,21,1,False,3600,3600.0,,200.0238590128279,2915.109251891253,94.84875728208429,30.734290415862723,0.0,nan,193.39223013124186,0.4861111111111111,0.03666666666666667,0.5057471264367817,0.0,1.144557184947793,0.4428982234881018,nonhydro_winter_run010.nc
random,22,0,True,1257,1257.0,1257,11.485328904564758,1331.4656485962064,313.9991278250142,4.240348238604685,0.008626079776578534,0.008626079776578534,2.371588733425222,0.5123309466984884,0.03659506762132061,0.5337423312883436,0.060461416070007955,0.1367632252620936,0.024277159891493483,nonhydro_winter_run024.nc
random,22,1,False,1257,1257.0,,407.07090879313483,1198.2557267623906,112.56523682202175,10.644989168876064,0.0,nan,391.0291080688636,0.4630071599045346,0.027048528241845664,0.46072684642438455,0.38822593476531425,2.4837998313871026,0.08931079831690991,nonhydro_winter_run024.nc
random,23,0,True,2322,2322.0,2322,65.51304943591566,2876.862907654354,158.28393364276826,18.175331137190202,0.022772391851418335,0.022772391851418335,2.445396231083104,0.5086132644272179,0.04306632213608958,0.4880258899676375,0.1929371231696813,0.08469416065048563,0.015310101563207557,nonhydro_winter_run002.nc
random,23,1,False,2322,2322.0,,49.98935515853866,2386.055266038288,134.71041324386962,17.712478260450087,0.0,nan,4.592311400775929,0.5043066322136089,0.031007751937984496,0.4857697283311772,0.2553832902670112,2.864429276906442,0.29732041422328825,nonhydro_winter_run002.nc
random,24,0,False,2170,2170.0,,33.07944528139917,2789.4005182821566,329.7535374590728,8.459046534499608,0.0,nan,24.079792663608245,0.48433179723502306,0.03686635944700461,0.5167597765363129,0.08801843317972351,0.35196637507276307,0.34065430983394107,nonhydro_winter_run012.nc
random,24,1,True,2170,2170.0,2170,280.54363847938816,2772.914487954824,797.9436441986874,3.4750755997805407,0.10117284167904667,0.10117284167904667,1.7883972310045184,0.5529953917050692,0.03778801843317972,0.5061224489795918,0.20829493087557605,0.11812412010379347,0.005392324378561186,nonhydro_winter_run012.nc
random,25,0,False,2439,2439.0,,584.2472103899926,2277.087471454537,493.3976498179116,4.615116169067478,0.0,nan,100.38115093379365,0.6391963919639196,0.03403034030340303,0.47218863361547764,0.11562115621156212,1.7530980320182863,0.20156667420808505,nonhydro_winter_run016.nc
random,25,1,True,2439,2439.0,2439,110.37171359115115,2495.605792108654,292.60757875021625,8.52884878364351,0.04422642147255674,0.04422642147255674,2.3545964837417457,0.5280852808528085,0.03567035670356704,0.49528005034612965,0.09225092250922509,0.13229171801112471,0.028729410458890103,nonhydro_winter_run016.nc
random,26,0,False,3600,3600.0,,188.42092347628088,4115.788190153157,105.76990930562442,38.91265689053868,0.0,nan,6.795853079715513,0.5025,0.04055555555555555,0.5195833333333333,0.043333333333333335,1.0394829953820022,0.49221304776785235,nonhydro_winter_run026.nc
random,26,1,False,3600,3600.0,,251.3859488416246,3654.5995329997586,351.6404036066843,10.39300232713727,0.0,nan,230.52594905536003,0.46944444444444444,0.03722222222222222,0.5016934801016089,0.11944444444444445,2.8611305066622847,0.2458213302172676,nonhydro_winter_run026.nc
random,27,0,True,554,554.0,554,43.7349187030906,605.5901759886773,108.24605111913021,5.594570607681521,0.07221867268848878,0.07221867268848878,1.4813471053676686,0.5397111913357401,0.05595667870036101,0.5273224043715847,0.05054151624548736,0.1299314896287811,0.009283693323368425,nonhydro_winter_run001.nc
random,27,1,False,554,554.0,,82.24920960861316,584.2551986152014,196.28509855970916,2.9765642063626814,0.0,nan,16.012140961558696,0.5595667870036101,0.04693140794223827,0.5582655826558266,0.0,0.33550998197713255,0.11648716612006738,nonhydro_winter_run001.nc
random,28,0,False,324,324.0,,74.07605505031772,385.4739345353312,243.11189092643062,1.585582396099175,0.0,nan,61.210128134676005,0.4228395061728395,0.046296296296296294,0.4928909952606635,0.0,1.0798306131149218,0.47497803965592855,nonhydro_winter_run020.nc
random,28,1,True,324,324.0,324,10.67275109748768,351.50629364129503,36.35412328006405,9.668952567866071,0.030362901861378914,0.030362901861378914,3.14975853727423,0.5030864197530864,0.037037037037037035,0.49074074074074076,0.6358024691358025,0.058397063333814,0.007912542278133872,nonhydro_winter_run020.nc
random,29,0,True,2492,2492.0,2492,60.24762598902445,2611.2789043164703,60.0620416589087,43.47635931435495,0.023072076249470906,0.023072076249470906,4.41537906502659,0.5228731942215088,0.038523274478330656,0.48812351543942994,0.06781701444622792,0.05345699062320364,0.04889446662829433,nonhydro_winter_run029.nc
random,29,1,False,2492,2492.0,,346.27587445033254,1998.533288282234,59.80153896572349,33.419429045592544,0.0,nan,326.83226519013266,0.4979935794542536,0.03330658105939005,0.507899356348742,0.742776886035313,0.8230428654642594,0.023801598986824435,nonhydro_winter_run029.nc
random,30,0,True,1980,1980.0,1980,37.430476455508746,2065.098194143557,88.42085716247117,23.35532882642146,0.018125276832674782,0.018125276832674782,2.784133307897072,0.5131313131313131,0.03737373737373737,0.5073815073815073,0.04898989898989899,0.13625201403201004,0.003713397332251289,nonhydro_winter_run004.nc
random,30,1,False,1980,1980.0,,70.34443304218685,1765.8870388072005,149.48619732403955,11.813044083122316,0.0,nan,32.66495548674024,0.4808080808080808,0.03585858585858586,0.5003808073115004,0.0,0.536977380287027,0.40593634127545175,nonhydro_winter_run004.nc
random,31,0,True,95,95.0,95,21.20998363469815,100.18993621605792,49.93337707878398,2.0064722651940814,0.21169774565939614,0.21169774565939614,2.8317600783069246,0.5789473684210527,0.07368421052631578,0.5081967213114754,0.30526315789473685,0.1431626527933645,0.020134132904464863,nonhydro_winter_run017.nc
random,31,1,False,95,95.0,,455.6004245256207,94.42718387096662,25.981188997019586,3.6344442851248555,0.0,nan,443.71262475306133,0.5578947368421052,0.042105263157894736,0.5846153846153846,0.0,0.7534858920601977,0.27060225168701746,nonhydro_winter_run017.nc
random,32,0,True,1158,1158.0,1158,89.99275854018795,1263.9782050801355,357.9633427669642,3.531026935076397,0.07119803029711455,0.07119803029711455,2.1757089193726857,0.5509499136442142,0.03540587219343696,0.465359477124183,0.30569948186528495,0.13308683541900734,0.04902543973478868,nonhydro_winter_run027.nc
random,32,1,False,1158,1158.0,,88.34160600178073,1040.8628152032304,41.66324483150673,24.98275925009339,0.0,nan,30.54537567703916,0.48272884283246975,0.03367875647668394,0.5149934810951761,0.22020725388601037,0.6369190624378547,0.07777476399687244,nonhydro_winter_run027.nc
random,33,0,True,792,792.0,792,476.47956224846666,1082.0586873741158,813.6404887406632,1.3298977894388038,0.44034539698097397,0.44034539698097397,3.9643146255052684,0.7916666666666666,0.03156565656565657,0.5126705653021443,0.26515151515151514,0.13857193941613843,0.03497702130548874,nonhydro_winter_run027.nc
random,33,1,False,792,792.0,,350.00868887035966,887.406337973971,273.3672218226172,3.246206081538891,0.0,nan,76.99417117154326,0.6805555555555556,0.039141414141414144,0.5,0.22601010101010102,1.4234474616979682,0.05011067935744451,nonhydro_winter_run027.nc
random,34,0,False,3600,3600.0,,239.32912046608672,3280.349392967604,161.68401223062972,20.288644175210347,0.0,nan,37.55494137872012,0.4938888888888889,0.035,0.5085381091211995,0.023055555555555555,1.9632662302475197,0.2357113149235498,nonhydro_winter_run002.nc
random,34,1,False,3600,3600.0,,70.17167430628596,3997.8770234536105,877.1199461568805,4.557959308724414,0.0,nan,20.55651093267642,0.5055555555555555,0.03888888888888889,0.4879767827529022,0.0325,1.623949360802463,0.35082881009630706,nonhydro_winter_run002.nc
random,35,0,True,1327,1327.0,1327,78.87191820740848,1539.877474487204,352.9721126685613,4.362603784319753,0.051219606438930275,0.051219606438930275,2.48614929197186,0.5305199698568199,0.03843255463451394,0.5298850574712644,0.2705350414468726,0.10757188259154304,0.04986787776795376,nonhydro_winter_run004.nc
random,35,1,False,1327,1327.0,,82.8930124461748,1133.276490697971,215.22818417859185,5.265465092423034,0.0,nan,11.723239935073499,0.5440844009042954,0.04822908816880181,0.46734234234234234,0.2592313489073097,0.670038505077649,0.18148204761757836,nonhydro_winter_run004.nc
random,36,0,True,2741,2741.0,2741,383.01970888151095,3219.937478921113,791.7481704338893,4.066870754063809,0.11895252978944403,0.11895252978944403,3.7738768476780487,0.568770521707406,0.03976650857351332,0.4812805208898535,0.16891645384896023,0.14910326979451582,0.017778303033781473,nonhydro_winter_run012.nc
random,36,1,False,2741,2741.0,,50.09391069343616,3025.5891730982485,469.41873919987006,6.445394954311799,0.0,nan,50.09391069343616,0.44326887997081355,0.03976650857351332,0.49172450613988256,0.18168551623495074,2.2676831936102744,0.04280982841685321,nonhydro_winter_run012.nc
random,37,0,False,209,209.0,,262.0194585242265,232.43276469401164,111.23313809371163,2.089599994007108,0.0,nan,223.0941652538829,0.6220095693779905,0.0430622009569378,0.5373134328358209,0.0,3.2186751962615006,0.37993376084479813,nonhydro_winter_run005.nc
random,37,1,True,209,209.0,209,13.118195321863205,246.90236700249324,161.54197323307304,1.5284099981016208,0.05313110393036749,0.05313110393036749,3.2543541064257395,0.507177033492823,0.05263157894736842,0.49645390070921985,0.004784688995215311,0.11471485525870406,0.0497746036574378,nonhydro_winter_run005.nc
random,38,0,False,1417,1417.0,,209.67285869749327,1603.054355158335,630.558342253871,2.542277609758312,0.0,nan,53.520117053440515,0.5652787579393084,0.038108680310515175,0.46680716543730244,0.22653493295695132,2.140093246041829,0.3992071622489781,nonhydro_winter_run008.nc
random,38,1,True,1417,1417.0,1417,389.4610991392443,1590.481665980716,771.1050958310526,2.062600382982279,0.24486990794646885,0.24486990794646885,1.4290519278471447,0.6330275229357798,0.033168666196189134,0.47528916929547843,0.011291460832745237,0.14671572563601387,0.04030911777577584,nonhydro_winter_run008.nc
random,39,0,False,3600,3600.0,,377.2725494551172,3716.257732467565,479.3679836525727,7.752411214765156,0.0,nan,48.934731943329474,0.48777777777777775,0.034166666666666665,0.49493243243243246,0.13722222222222222,0.7646792177346668,0.024024653816270614,nonhydro_winter_run030.nc
random,39,1,False,3600,3600.0,,331.1009189154577,3694.880835897431,255.81147006594412,14.443765304757248,0.0,nan,310.8793728893378,0.48138888888888887,0.03861111111111111,0.4893529893529894,0.14555555555555555,0.7447844301154518,0.06668307097615744,nonhydro_winter_run030.nc
random,40,0,True,1414,1414.0,1414,535.0459182449382,1758.8700144321506,753.0629750066703,2.335621419200129,0.304198669517757,0.304198669517757,1.7742595986060983,0.6923620933521923,0.04455445544554455,0.5022123893805309,0.055162659123055166,0.14842754554283033,0.048796108392888504,nonhydro_winter_run017.nc
random,40,1,False,1414,1414.0,,216.0165674784657,1615.05805617667,195.83990341487166,8.246828291960984,0.0,nan,71.82960689039881,0.5438472418670438,0.04314002828854314,0.5068637803590285,0.2835926449787836,1.5037783331914127,0.35033508300401384,nonhydro_winter_run017.nc
random,41,0,True,1572,1572.0,1572,272.8120462694022,1881.8282353210966,797.1052519918578,2.3608277961017863,0.1449718104707108,0.1449718104707108,3.8466592013892638,0.5909669211195929,0.03435114503816794,0.4787037037037037,0.10559796437659033,0.013803847413186077,0.04684038748853647,nonhydro_winter_run020.nc
random,41,1,False,1572,1572.0,,103.68107507290459,1685.9209766988795,436.9499856091274,3.858384328239837,0.0,nan,12.359945480051953,0.5318066157760815,0.04580152671755725,0.4822627037392138,0.0,0.027982966267956044,0.18747641571423757,nonhydro_winter_run020.nc
random,42,0,True,4,4.0,4,5.3259419228638905,4.164331491057094,3.4596683585339627,1.203679387587813,1.0,1.2789428349547474,3.067848695786353,1.0,0.25,0.0,1.0,0.14930035747671155,0.012517971078713441,nonhydro_winter_run003.nc
random,42,1,False,4,4.0,,57.03157426487188,5.622405103642496,4.809865644620574,1.1689318411483445,0.0,nan,54.36615312680918,1.0,0.0,0.0,0.0,1.5994282778773723,0.08244953530573618,nonhydro_winter_run003.nc
random,43,0,False,3600,3600.0,,876.5376197644165,3675.4042242009673,77.9386050693701,47.157685474735324,0.0,nan,825.0081781650939,0.5052777777777778,0.04083333333333333,0.5068550062318239,0.1436111111111111,2.8875985479393833,0.1572137522394631,nonhydro_winter_run016.nc
random,43,1,False,3600,3600.0,,225.02833805208815,4105.7811241936015,892.4817397734112,4.600409107794186,0.0,nan,5.129185823905105,0.4675,0.036944444444444446,0.5104299702000852,0.20916666666666667,0.49881065868583363,0.18948347719845582,nonhydro_winter_run016.nc
random,44,0,True,117,117.0,117,8.204506073222788,143.6469589791459,103.48925785325132,1.388037386284464,0.05711576584377179,0.05711576584377179,0.7033040393530907,0.5128205128205128,0.042735042735042736,0.5421686746987951,1.0,0.1469823672469417,0.012909326961617396,nonhydro_winter_run021.nc
random,44,1,False,117,117.0,,51.2989785853699,127.86324960063298,48.791007827063886,2.6206314502425285,0.0,nan,10.159463328258733,0.6752136752136753,0.03418803418803419,0.5802469135802469,0.0,1.3727405018544303,0.09608913020638377,nonhydro_winter_run021.nc
random,45,0,False,3600,3600.0,,5.8376365304645965,4157.437450825646,339.5287514148058,12.244728711491243,0.0,nan,3.931097002541919,0.4875,0.04027777777777778,0.5042918454935622,0.07416666666666667,0.4382854145861046,0.2499295164028894,nonhydro_winter_run028.nc
random,45,1,False,3600,3600.0,,26.31887532068811,3597.854404414008,525.3797438317816,6.848102627965011,0.0,nan,24.88589941336901,0.4775,0.03861111111111111,0.4894758563763929,0.0175,0.9396229650138537,0.32928232571668037,nonhydro_winter_run028.nc
random,46,0,False,9,9.0,,226.17350812644702,9.471889052199012,3.6615218494794295,2.5868721918307442,0.0,nan,225.39729166444525,0.4444444444444444,0.0,0.42857142857142855,0.0,1.6015254781282735,0.07589371087511909,nonhydro_winter_run016.nc
random,46,1,True,9,9.0,9,8.64526887489224,10.96460622546548,7.1111274111105605,1.541894216145554,0.7884705293668877,0.7884705293668877,4.4301853255052,0.7777777777777778,0.0,0.3333333333333333,1.0,0.1455719830438582,0.005844632047943832,nonhydro_winter_run016.nc
random,47,0,False,3600,3600.0,,205.97335147168872,3773.869287309084,284.4340960705198,13.267991916037479,0.0,nan,204.3967726080139,0.4847222222222222,0.04111111111111111,0.4991735537190083,0.2613888888888889,1.7959665087281138,0.07274307713665407,nonhydro_winter_run003.nc
random,47,1,False,3600,3600.0,,512.0119241285695,3935.438565521429,444.62434481215587,8.85115403922398,0.0,nan,134.68909880784804,0.5069444444444444,0.035277777777777776,0.4970833333333333,0.06888888888888889,2.258932711231836,0.1255244261269517,nonhydro_winter_run003.nc
random,48,0,False,3600,3600.0,,382.42890865012197,3996.349258533062,227.8682238832736,17.537983973492537,0.0,nan,200.20145005452747,0.5152777777777777,0.03722222222222222,0.49014567266495285,0.18166666666666667,2.9831374324073607,0.1477044930953999,nonhydro_winter_run004.nc
random,48,1,False,3600,3600.0,,154.64806130994012,2898.3107138182004,139.96341446256008,20.707630811575353,0.0,nan,24.276711782597275,0.5072222222222222,0.03972222222222222,0.501469970600588,0.1386111111111111,3.053948922225061,0.13764499023367383,nonhydro_winter_run004.nc
random,49,0,True,750,750.0,750,33.041621522841155,791.388664669619,95.54915257732965,8.282529392703236,0.04175144653687331,0.04175144653687331,2.323939139429258,0.5186666666666667,0.037333333333333336,0.49209486166007904,0.372,0.009022015543486361,0.04887999701374379,nonhydro_winter_run002.nc
random,49,1,False,750,750.0,,55.373529757665615,838.7257666607052,197.84763387004648,4.239250933936419,0.0,nan,27.137697429958823,0.5253333333333333,0.042666666666666665,0.4777327935222672,0.052,0.4730151311133639,0.19303844782436763,nonhydro_winter_run002.nc
random,50,0,True,1751,1751.0,1751,89.71951943625653,2190.2308991827267,521.0626045155907,4.203392990020632,0.04096349817260587,0.04096349817260587,3.7327724337282446,0.5334094802969731,0.02569960022844089,0.47133220910623946,0.034837235865219876,0.026039743148444927,0.046361948581232104,nonhydro_winter_run024.nc
random,50,1,False,1751,1751.0,,26.301029833519035,1959.2652547545922,400.50053835763345,4.892041500840717,0.0,nan,7.068147563942537,0.47801256424900057,0.03769274700171331,0.5095986038394416,0.05596801827527127,2.0672216302972046,0.14005434296782326,nonhydro_winter_run024.nc
random,51,0,False,3600,3600.0,,385.15295163037155,3960.9252735538857,109.75326979752494,36.08936007884851,0.0,nan,1.394570382655264,0.5227777777777778,0.04388888888888889,0.47357203751065646,0.15333333333333332,2.8081422793110775,0.45577051522211054,nonhydro_winter_run012.nc
random,51,1,False,3600,3600.0,,142.45016361246093,3631.2892875259613,250.41692464927095,14.50097389628067,0.0,nan,11.804790918654884,0.5255555555555556,0.0425,0.5204727733220769,0.0002777777777777778,1.6307206147778857,0.42207613278356226,nonhydro_winter_run012.nc
random,52,0,False,257,257.0,,6.3923121932077,303.9357831939822,189.5632853263186,1.6033473078438167,0.0,nan,3.8104476704832253,0.4708171206225681,0.0311284046692607,0.5393258426966292,0.0311284046692607,0.3156228217199839,0.05625633813516806,nonhydro_winter_run029.nc
random,52,1,True,257,257.0,257,12.958596140922346,271.74598452798705,189.33327390141446,1.4352785378310458,0.04768643100074122,0.04768643100074122,4.097611578817224,0.5058365758754864,0.0311284046692607,0.44086021505376344,0.027237354085603113,0.07842076337446002,0.007602666657799073,nonhydro_winter_run029.nc
random,53,0,True,276,276.0,276,24.087794697656598,354.61717552394515,241.58368256195095,1.467885462144192,0.06792619297716473,0.06792619297716473,3.769964538362344,0.5543478260869565,0.018115942028985508,0.4550561797752809,0.12318840579710146,0.14960247165324603,0.04802361426106194,nonhydro_winter_run023.nc
random,53,1,False,276,276.0,,201.38652126670289,283.8374638326069,104.92664037539447,2.7051038975147383,0.0,nan,201.11555561124422,0.3695652173913043,0.03260869565217391,0.5138121546961326,0.19927536231884058,1.7053305098471938,0.021142540855530023,nonhydro_winter_run023.nc
random,54,0,False,1,1.0,,243.7905508119414,1.1772194010782029,1.1772194010782029,1.0,0.0,nan,243.02853146962934,1.0,0.0,0.0,0.0,3.2229671658502,0.2995150668265708,nonhydro_winter_run010.nc
random,54,1,True,1,1.0,1,2.099853649836796,0.7271404791778506,0.7271404791778506,1.0,1.0,2.8878238936869787,2.099853649836796,0.0,1.0,0.0,1.0,0.14135313275048844,0.012948329903181066,nonhydro_winter_run010.nc
random,55,0,True,2110,2110.0,2110,134.09695864732817,1990.9619072576122,141.70595480744325,14.049952311199803,0.0673528499759374,0.0673528499759374,4.831171385854982,0.5383886255924171,0.03317535545023697,0.4848910751932537,0.016113744075829384,0.13738649787995172,0.009080020746044193,nonhydro_winter_run029.nc
random,55,1,False,2110,2110.0,,87.06747361328013,2004.676903921765,267.3968286524646,7.497010768692555,0.0,nan,87.06747361328013,0.504739336492891,0.04312796208530806,0.5074626865671642,0.32606635071090045,0.9643046742900907,0.0023113924245903306,nonhydro_winter_run029.nc
random,56,0,False,704,704.0,,235.80672592611737,758.0979011546124,193.03021740739268,3.9273535062887968,0.0,nan,75.92685621512587,0.6193181818181818,0.04403409090909091,0.4780701754385965,0.0,1.1432595339052654,0.22920666814002777,nonhydro_winter_run012.nc
random,56,1,True,704,704.0,704,51.637507590160766,868.5123996529016,200.04512426325073,4.341582444718707,0.059455118442520265,0.059455118442520265,2.408233615318755,0.5355113636363636,0.032670454545454544,0.47608695652173916,0.3096590909090909,0.14612756962498707,0.010613148530903782,nonhydro_winter_run012.nc
random,57,0,False,21,21.0,,336.3393753284035,24.760643720375953,16.215301238536156,1.5269925212077793,0.0,nan,320.47777829480555,0.8571428571428571,0.047619047619047616,0.46153846153846156,0.0,2.4504412785264407,0.3244358921299102,nonhydro_winter_run002.nc
random,57,1,True,21,21.0,21,12.371705897982238,23.197377070409523,13.766780512411074,1.6850255620401986,0.5333234813759843,0.5333234813759843,3.065113780515153,0.6666666666666666,0.047619047619047616,0.4,0.047619047619047616,0.08506998982261393,0.0495980588014151,nonhydro_winter_run002.nc
random,58,0,False,538,538.0,,81.206395567752,582.0912290771729,132.88155954752958,4.380526771805145,0.0,nan,44.666451636965846,0.5,0.03717472118959108,0.5070821529745042,0.0,1.673039660203841,0.44294267305679136,nonhydro_winter_run016.nc
random,58,1,True,538,538.0,538,69.92813182600145,628.6491372002276,272.77821526586376,2.3046163587056014,0.11123554887458474,0.11123554887458474,3.913269575526524,0.6189591078066915,0.048327137546468404,0.49025069637883006,0.0018587360594795538,0.007847461084637075,0.04781747096730071,nonhydro_winter_run016.nc
random,59,0,True,2089,2089.0,2089,93.84998094649599,2537.562334672284,386.2837005219358,6.569167508863564,0.036984305632285615,0.036984305632285615,1.4418371615172845,0.5256103398755385,0.038774533269506944,0.5060155697098372,0.04930588798468167,0.022771827703941483,0.046383669897547386,nonhydro_winter_run024.nc
random,59,1,False,2089,2089.0,,352.4045034310588,2124.8012256403454,385.80742384590604,5.507414047296831,0.0,nan,191.65022943228755,0.5672570607946386,0.04068932503590235,0.5155010814708003,0.01244614648157013,2.7000612698300657,0.5281575268623582,nonhydro_winter_run024.nc
random,60,0,False,997,997.0,,48.16166808595784,965.0555367871997,642.3013526064366,1.5024965039712868,0.0,nan,20.160109097249833,0.46138415245737213,0.0320962888665998,0.4659606656580938,0.0,0.7665617369681215,0.19502212089415516,nonhydro_winter_run006.nc
random,60,1,True,997,997.0,997,87.94796716885928,1169.7361915649483,99.96635390820029,11.701298945434422,0.07518615547937936,0.07518615547937936,4.216650527756225,0.5315947843530592,0.03911735205616851,0.4955357142857143,0.18254764292878636,0.013202432339255665,0.045219843577534946,nonhydro_winter_run006.nc
random,61,0,False,976,976.0,,14.324622636885179,950.8366099149941,237.9291823188292,3.9963009188206966,0.0,nan,8.19023073171757,0.4692622950819672,0.04405737704918033,0.4769475357710652,0.0625,1.5103525464424337,0.40526691290245975,nonhydro_winter_run013.nc
random,61,1,True,976,976.0,976,50.830107686881405,870.3010995160329,52.96846935633892,16.4305502894786,0.058405197597874575,0.058405197597874575,4.853173690606611,0.5430327868852459,0.0471311475409836,0.4511400651465798,0.10040983606557377,0.14678194574206316,0.042592610111401585,nonhydro_winter_run013.nc
random,62,0,False,1461,1461.0,,390.6587645876124,1797.6717200156843,524.6680924525207,3.426302734768196,0.0,nan,5.0376791300365875,0.6331279945242985,0.030800821355236138,0.49582463465553234,0.33059548254620125,0.1855687743851746,0.24376283592871195,nonhydro_winter_run014.nc
random,62,1,True,1461,1461.0,1461,95.17488079258307,1764.4860286450198,207.6523138658225,8.497309737589381,0.053939152391968524,0.053939152391968524,3.965755540044902,0.5277207392197125,0.03353867214236824,0.48254620123203285,0.11841204654346338,0.13483908845825,0.002726325940259011,nonhydro_winter_run014.nc
random,63,0,True,1599,1599.0,1599,35.8770531974533,1920.8637706716545,392.93247792428235,4.888533981255178,0.01867756253474885,0.01867756253474885,2.4845133518784044,0.5159474671669794,0.03377110694183865,0.5083955223880597,0.150093808630394,0.13830923218575464,0.0015303924146340409,nonhydro_winter_run014.nc
random,63,1,False,1599,1599.0,,62.10620513583713,1488.7084025369595,411.158059037113,3.6207691174127805,0.0,nan,62.10620513583713,0.48405253283302063,0.03564727954971857,0.5046210720887245,0.0,1.996032804065166,0.4420649603810609,nonhydro_winter_run014.nc
random,64,0,True,1767,1767.0,1767,376.65752783160946,1911.511972999772,424.28977236235414,4.505203984429992,0.1970469100648706,0.1970469100648706,5.125964482036138,0.619128466327108,0.039615166949632144,0.5156118143459916,0.40011318619128466,0.14992014881408977,0.03900111062503053,nonhydro_winter_run016.nc
random,64,1,False,1767,1767.0,,114.30186322374387,1900.5226532054332,384.66769286952365,4.9406869576907155,0.0,nan,52.18771357171775,0.4855687606112054,0.041312959818902095,0.5150732127476314,0.2874929258630447,1.1495460522333119,0.07735841410595956,nonhydro_winter_run016.nc
random,65,0,True,1158,1158.0,1158,72.48185956163597,1420.1742534654527,191.9877114624657,7.397214345893705,0.051037300095230304,0.051037300095230304,7.525699795995512,0.5328151986183074,0.039723661485319514,0.5117493472584856,0.018998272884283247,0.14073694615408527,0.04932519349325959,nonhydro_winter_run006.nc
random,65,1,False,1158,1158.0,,82.39098018402655,1294.5985037467758,197.23573695171598,6.563711646554692,0.0,nan,29.999018163538235,0.4939550949913644,0.03540587219343696,0.4795244385733157,0.0,0.8851131746260279,0.20268646416847835,nonhydro_winter_run006.nc
random,66,0,False,3600,3600.0,,275.89032132676607,3874.8856189759654,400.91022123639624,9.665220325453223,0.0,nan,5.767816538137502,0.5369444444444444,0.0325,0.48494983277591974,0.08416666666666667,0.34891208300497567,0.12308436229547681,nonhydro_winter_run029.nc
random,66,1,False,3600,3600.0,,129.41624764575843,4017.9777667117733,97.9256221957139,41.030913836640764,0.0,nan,70.40243837819816,0.5027777777777778,0.03166666666666667,0.4901052631578947,0.23444444444444446,0.6223416789512015,0.07908998717611648,nonhydro_winter_run029.nc
random,67,0,False,1165,1165.0,,41.47822793222136,1138.7714952161145,415.8045221873347,2.7387183987937904,0.0,nan,27.179915773091405,0.47725321888412015,0.03175965665236052,0.5098765432098765,0.2703862660944206,1.4328421495575583,0.023122421500482604,nonhydro_winter_run024.nc
random,67,1,True,1165,1165.0,1165,59.50626427694848,1259.4723958353272,149.78177895808952,8.408715696905567,0.04724697776125676,0.04724697776125676,2.678342818596535,0.5416309012875536,0.04206008583690987,0.5085413929040736,0.2721030042918455,0.02921041373486588,0.0484038446686772,nonhydro_winter_run024.nc
random,68,0,False,3600,3600.0,,37.69650677060662,3954.4949450885897,520.9148173129714,7.591442619134954,0.0,nan,34.822414113164776,0.48694444444444446,0.035277777777777776,0.5106471816283925,0.06583333333333333,0.5982841474646108,0.3575783442279753,nonhydro_winter_run015.nc
random,68,1,False,3600,3600.0,,57.26553668032155,3960.1366707291454,96.45500131700642,41.056830819107724,0.0,nan,4.497191111062688,0.48583333333333334,0.0375,0.5036764705882353,0.10805555555555556,0.13516103657253353,0.4437297385254285,nonhydro_winter_run015.nc
random,69,0,True,2801,2801.0,2801,24.152525634853546,3386.6283551443375,143.74699508856565,23.55964625944189,0.007131731947547628,0.007131731947547628,3.3468755553020184,0.5183862906104962,0.04534094966083541,0.5118025751072961,0.11960014280614066,0.12248797231526254,0.04990015639296441,nonhydro_winter_run002.nc
random,69,1,False,2801,2801.0,,56.10432410268892,3335.719978163671,360.1712449416339,9.261483322201991,0.0,nan,54.56166744311627,0.4562656194216351,0.03855765797929311,0.49809264305177114,0.027490182077829346,2.2013296790833508,0.2093667702469204,nonhydro_winter_run002.nc
random,70,0,True,1827,1827.0,1827,74.39116659089069,2305.9525767208124,429.5025088056803,5.368891984200479,0.0322604928400908,0.0322604928400908,2.7614647940035897,0.5238095238095238,0.038314176245210725,0.48588039867109634,0.15818281335522716,0.1461715970616666,0.018287366645114655,nonhydro_winter_run020.nc
random,70,1,False,1827,1827.0,,14.542235868628723,2194.929403859649,722.9671644858919,3.036001511106638,0.0,nan,7.524428445909286,0.45429666119321294,0.0361247947454844,0.48233360723089563,0.014778325123152709,0.9906128498508693,0.12041790770054339,nonhydro_winter_run020.nc
random,71,0,True,2664,2664.0,2664,46.25046203475551,2821.702620553822,359.49759341478284,7.8490167173335825,0.01639097674498308,0.01639097674498308,1.9063877278376469,0.5071321321321322,0.03566066066066066,0.48072562358276644,0.09647147147147148,0.07101191719343802,0.04481921733567418,nonhydro_winter_run029.nc
random,71,1,False,2664,2664.0,,7.270694846484107,2365.857791096416,113.4746769715911,20.84921371213702,0.0,nan,6.305600873768515,0.5018768768768769,0.03528528528528529,0.4859550561797753,0.017642642642642644,1.642237772391212,0.2504965727980196,nonhydro_winter_run029.nc
random,72,0,False,442,442.0,,49.00278790395686,475.74462758008974,123.75339637899872,3.844295522387981,0.0,nan,38.24451116520501,0.5158371040723982,0.04072398190045249,0.4738675958188153,0.21945701357466063,0.9730519824079948,0.06499329077515537,nonhydro_winter_run029.nc
random,72,1,True,442,442.0,442,55.00621096948536,477.1450500507674,117.240631442384,4.069792564067284,0.11528194825374966,0.11528194825374966,3.0873865054175305,0.5769230769230769,0.03167420814479638,0.5121107266435986,0.2647058823529412,0.13256223594496674,0.025252378150933064,nonhydro_winter_run029.nc
random,73,0,False,990,990.0,,54.484707967509145,1289.5716245613241,693.8870451476565,1.8584748534783615,0.0,nan,54.484707967509145,0.22626262626262628,0.03737373737373737,0.47941176470588237,0.01818181818181818,2.813902662719755,0.15461769213086907,nonhydro_winter_run025.nc
random,73,1,True,990,990.0,990,486.72554257166604,1042.223964820779,509.81106777357667,2.044333735970722,0.46700666939218144,0.46700666939218144,8.399572614392584,0.7525252525252525,0.044444444444444446,0.4709480122324159,0.2676767676767677,0.12294400605332356,0.04991301020866101,nonhydro_winter_run025.nc
random,74,0,True,312,312.0,312,11.064834250023528,316.1258505647502,73.00172927860207,4.3303885221443865,0.03500135857367091,0.03500135857367091,1.9694034110230823,0.5224358974358975,0.03205128205128205,0.5045045045045045,0.8525641025641025,0.1487000649274819,0.0013331011509939428,nonhydro_winter_run006.nc
random,74,1,False,312,312.0,,417.1299973913944,358.34651985578034,167.14482322592082,2.143928318805437,0.0,nan,286.39208442652597,0.717948717948718,0.022435897435897436,0.5414634146341464,0.0673076923076923,2.3137789831302342,0.15977856100548093,nonhydro_winter_run006.nc
random,75,0,False,424,424.0,,119.15688672069626,469.5357064888308,161.2183383790962,2.912421199781522,0.0,nan,44.06579217013542,0.6155660377358491,0.0330188679245283,0.53,0.0,0.9088280336266905,0.34462906491251033,nonhydro_winter_run020.nc
random,75,1,True,424,424.0,424,87.73703583139894,439.82330930972887,99.56479171031204,4.417458237540569,0.1994824602840989,0.1994824602840989,1.2980399354496344,0.6202830188679245,0.02830188679245283,0.4886731391585761,0.0023584905660377358,0.03896704810045293,0.04663998913130085,nonhydro_winter_run020.nc
random,76,0,True,2067,2067.0,2067,151.44409411340817,2230.5285111093517,662.8065779324032,3.365278175221782,0.06789605842701718,0.06789605842701718,3.6359152661441083,0.5360425737784228,0.0382196419932269,0.4992764109985528,0.05853894533139816,0.03661995736678847,0.046763275654315484,nonhydro_winter_run017.nc
random,76,1,False,2067,2067.0,,123.21974667422205,2550.0745061105276,298.70094620893735,8.537216029864146,0.0,nan,6.042333457455967,0.532656023222061,0.033381712626995644,0.5207142857142857,0.12143202709240446,1.0148029316787728,0.27916889259939237,nonhydro_winter_run017.nc
random,77,0,True,1536,1536.0,1536,227.15577605030666,1821.098463734424,723.2505521991607,2.51793580827153,0.12473558161401724,0.12473558161401724,2.28533222158105,0.578125,0.027994791666666668,0.4892578125,0.01953125,0.040127617817070416,0.044894547758071335,nonhydro_winter_run002.nc
random,77,1,False,1536,1536.0,,152.98944368478223,1794.868762957693,484.9130832545039,3.7014236673331133,0.0,nan,152.64354813046043,0.4811197916666667,0.042317708333333336,0.4795613160518445,0.19205729166666666,3.745253291839262,0.41244097501184485,nonhydro_winter_run002.nc
random,78,0,True,2284,2284.0,2284,29.425077814404656,2678.4547044385517,515.011608734611,5.200765689572598,0.01098584111414818,0.01098584111414818,8.084511718145233,0.526707530647986,0.03502626970227671,0.48624440179142675,0.1672504378283713,0.07875920544728388,0.04675210316115974,nonhydro_winter_run022.nc
random,78,1,False,2284,2284.0,,42.49199860909304,2946.913540630392,358.7337850446706,8.214764439494969,0.0,nan,15.263544873523808,0.5065674255691769,0.028021015761821366,0.4970607446113651,0.0542907180385289,0.36281217920512177,0.12085716566607518,nonhydro_winter_run022.nc
random,79,0,False,1780,1780.0,,7.5727654249378675,1883.63430668418,74.74584034636153,25.20052350680236,0.0,nan,3.0316555697337297,0.501123595505618,0.035955056179775284,0.4765045342126958,0.058426966292134834,2.516668643876976,0.26152789587917713,nonhydro_winter_run004.nc
random,79,1,True,1780,1780.0,1780,30.4529504170783,1898.48591314604,473.34387854257375,4.010796377026106,0.016040651240131546,0.016040651240131546,1.6689017503300239,0.5134831460674157,0.03146067415730337,0.5099502487562189,0.0005617977528089888,0.11334326543177298,0.04711083158741025,nonhydro_winter_run004.nc
random,80,0,False,347,347.0,,26.766388836206076,329.6012994999485,181.4065083132958,1.8169210276111745,0.0,nan,26.45479471067622,0.28530259365994237,0.02881844380403458,0.50199203187251,0.09798270893371758,1.1586585727867629,0.16648050525816682,nonhydro_winter_run028.nc
random,80,1,True,347,347.0,347,83.68698477908858,377.0683606737881,188.18555133881534,2.003705162225245,0.22194114783204635,0.22194114783204635,4.065156625260176,0.6167146974063401,0.03170028818443804,0.5222672064777328,0.21613832853025935,0.07927333718195229,0.04994826641100769,nonhydro_winter_run028.nc
random,81,0,True,1141,1141.0,1141,18.332861201169976,1220.8257668631934,45.76552525148144,26.675663835490994,0.015016771187812233,0.015016771187812233,3.7220823834731074,0.4820333041191937,0.042068361086765996,0.49476439790575916,0.07975460122699386,0.14650227095330592,0.00198750319363894,nonhydro_winter_run002.nc
random,81,1,False,1141,1141.0,,76.52172249250741,1359.8196408743293,259.76526763879747,5.234801608524327,0.0,nan,76.52172249250741,0.4136722173531989,0.044697633654688866,0.4754316069057105,0.2007011393514461,2.5620281259699667,0.2657561629604882,nonhydro_winter_run002.nc
random,82,0,False,2995,2995.0,,48.68404469800641,3502.484317983668,735.5167488026417,4.761936860969397,0.0,nan,19.201429218762886,0.4270450751252087,0.03672787979966611,0.499753815854259,0.33689482470784643,2.4854446764005758,0.3572040201349018,nonhydro_winter_run022.nc
random,82,1,True,2995,2995.0,2995,98.30255121374343,3275.7793258902766,266.16088701783116,12.307515813436627,0.03000890518992063,0.03000890518992063,2.4810295995250993,0.5168614357262103,0.0343906510851419,0.49502982107355864,0.08414023372287145,0.14649426957846146,0.008563198581703402,nonhydro_winter_run022.nc
random,83,0,True,735,735.0,735,42.42605470599869,662.926840514282,90.20230395477132,7.349333791370592,0.06399809468128582,0.06399809468128582,3.8593929669265026,0.5333333333333333,0.04625850340136054,0.49166666666666664,0.07346938775510205,0.022785646135133675,0.04985152915603652,nonhydro_winter_run023.nc
random,83,1,False,735,735.0,,66.35999969299411,771.4292944802605,102.47689837862596,7.527836094629117,0.0,nan,16.61696686256348,0.4707482993197279,0.036734693877551024,0.5010183299389002,0.13333333333333333,0.6496712521400028,0.2999512980712503,nonhydro_winter_run023.nc
random,84,0,True,948,948.0,948,112.27623787450904,1104.3940974572442,297.002712013484,3.7184646900029135,0.10166319987857027,0.10166319987857027,4.16413555313558,0.5854430379746836,0.039029535864978905,0.47641509433962265,0.043248945147679324,0.08588825546244294,0.044504504479468854,nonhydro_winter_run020.nc
random,84,1,False,948,948.0,,25.350007127792146,1135.7881150500664,565.0862083134248,2.0099377729284487,0.0,nan,13.366602978220744,0.4630801687763713,0.039029535864978905,0.5063694267515924,0.08966244725738397,1.601275878400287,0.0648472795791436,nonhydro_winter_run020.nc
random,85,0,True,1003,1003.0,1003,35.032956104140524,1220.1574735724196,438.209896938332,2.78441331904498,0.02871183176182154,0.02871183176182154,2.7370143249103815,0.49750747756729813,0.04187437686939183,0.5007518796992482,0.07278165503489531,0.010081406058020548,0.045419309923070195,nonhydro_winter_run022.nc
random,85,1,False,1003,1003.0,,61.80602845508819,1203.2694879800335,544.7248862528669,2.208948991218777,0.0,nan,17.089229538769434,0.4546360917248255,0.027916251246261216,0.540625,0.0,1.632257127061628,0.5550426400518261,nonhydro_winter_run022.nc
random,86,0,True,2031,2031.0,2031,182.03880648553744,2156.537319059944,430.30283520206837,5.011673506746111,0.0844125463893618,0.0844125463893618,4.160610827896292,0.5420974889217134,0.03052683407188577,0.4750367107195301,0.19005416051206303,0.12884385223754435,0.008121048863135805,nonhydro_winter_run029.nc
random,86,1,False,2031,2031.0,,799.2486463175718,1793.9264130395238,483.29221373089683,3.7118876780382077,0.0,nan,501.5403499930937,0.5544066962087641,0.035942885278188084,0.48314606741573035,0.45937961595273263,2.545098573800672,0.036522829382975464,nonhydro_winter_run029.nc
random,87,0,True,366,366.0,366,40.95338294667317,389.3022007811527,129.3193255981619,3.0103946102444423,0.1051968955338509,0.1051968955338509,1.9999704460187209,0.6010928961748634,0.04371584699453552,0.5333333333333333,0.01912568306010929,0.007971499592237308,0.04983665543422877,nonhydro_winter_run019.nc
random,87,1,False,366,366.0,,45.981254269231734,386.3125130535294,132.80959841086298,2.9087695292807356,0.0,nan,40.776671423084814,0.48633879781420764,0.03825136612021858,0.49603174603174605,0.0,2.1111469777439567,0.4015326370354888,nonhydro_winter_run019.nc
random,88,0,False,3600,3600.0,,19.69356344803223,3720.910532890227,353.64454793031234,10.521611473064342,0.0,nan,15.728977288724229,0.49444444444444446,0.03944444444444444,0.5045681063122923,0.1811111111111111,1.309937813754523,0.37319677564590836,nonhydro_winter_run016.nc
random,88,1,False,3600,3600.0,,438.261820261556,3485.721978586221,155.26108924866716,22.45071186511816,0.0,nan,436.08440284553575,0.4861111111111111,0.0425,0.49957446808510636,0.1663888888888889,2.3325188591956305,0.20136155388571764,nonhydro_winter_run016.nc
random,89,0,False,3600,3600.0,,76.94397958708085,3751.5865799442327,439.095453183895,8.543897580221703,0.0,nan,17.924016697746747,0.4938888888888889,0.03916666666666667,0.506064408197407,0.15861111111111112,0.37923768185102347,0.4321109226241232,nonhydro_winter_run026.nc
random,89,1,False,3600,3600.0,,32.666572924271115,2909.295947919657,128.6915777218281,22.606731531477642,0.0,nan,23.12067179120455,0.4841666666666667,0.041666666666666664,0.48957464553794827,0.0,0.5064184420552849,0.48085435017237144,nonhydro_winter_run026.nc
random,90,0,False,237,237.0,,131.43300466500526,249.06784110366425,76.65661164461257,3.249137103246446,0.0,nan,76.21728332715651,0.6877637130801688,0.04219409282700422,0.47435897435897434,0.39662447257383965,1.695141329551582,0.044661881802138814,nonhydro_winter_run020.nc
random,90,1,True,237,237.0,237,27.353884041465943,258.67644067251524,124.07519603889816,2.0848360424223626,0.1057455559940072,0.1057455559940072,4.446276267321417,0.5907172995780591,0.029535864978902954,0.5197368421052632,0.0759493670886076,0.14361379425281484,0.021230927983235004,nonhydro_winter_run020.nc
random,91,0,False,3600,3600.0,,56.737737776843126,3603.8807146338377,498.5751345362952,7.228360311200965,0.0,nan,15.004040260062858,0.48583333333333334,0.03666666666666667,0.5177364864864865,0.0,0.41638705967543643,0.4660920440657208,nonhydro_winter_run023.nc
random,91,1,False,3600,3600.0,,193.36831441455269,4116.0193464459135,349.9534339790337,11.761620109412931,0.0,nan,7.111869358661247,0.4786111111111111,0.036944444444444446,0.5006065507480792,0.11916666666666667,0.3762868779088677,0.407081989604933,nonhydro_winter_run023.nc
random,92,0,True,104,104.0,104,12.406938710091808,111.30237451276224,52.64390412918265,2.114250003944195,0.11147056623368977,0.11147056623368977,1.9743570539079456,0.5480769230769231,0.04807692307692308,0.5294117647058824,0.009615384615384616,0.07591386081713125,0.04967811431920821,nonhydro_winter_run014.nc
random,92,1,False,104,104.0,,42.7423859942809,155.746138877213,110.05353813511418,1.4151852045501838,0.0,nan,40.70674171580396,0.41346153846153844,0.038461538461538464,0.5555555555555556,0.0,0.10192491953763039,0.35968062303506965,nonhydro_winter_run014.nc
random,93,0,True,1865,1865.0,1865,77.35250483407884,2041.885153271763,465.10563519663,4.3901535452446785,0.037882887149718,0.037882887149718,7.746833568231495,0.5260053619302949,0.035924932975871314,0.4859887910328263,0.027345844504021447,0.14479706133974446,0.04579969230980663,nonhydro_winter_run029.nc
random,93,1,False,1865,1865.0,,33.084734348639365,2014.4313837936243,74.28089841004989,27.11910365802846,0.0,nan,13.145939475947829,0.4938337801608579,0.03967828418230563,0.5238095238095238,0.08203753351206435,1.0118898265640013,0.24051420542132762,nonhydro_winter_run029.nc
random,94,0,False,234,234.0,,72.8544208329871,377.39811375316657,322.7970238868088,1.1691499172108355,0.0,nan,72.27376513448428,0.10683760683760683,0.042735042735042736,0.4810126582278481,0.0,0.9134433011549277,0.5475212495071328,nonhydro_winter_run002.nc
random,94,1,True,234,234.0,234,17.434483652506525,245.83925322326934,48.241596109548325,5.0960016468984755,0.07091822572643702,0.07091822572643702,5.871024370688038,0.5427350427350427,0.05128205128205128,0.49375,0.3162393162393162,0.14641245078646392,0.04940031942527634,nonhydro_winter_run002.nc
random,95,0,False,1044,1044.0,,13.15831318273353,928.0214325488976,89.46892917374832,10.372555490707656,0.0,nan,12.102208235331494,0.4722222222222222,0.034482758620689655,0.5399129172714079,0.27490421455938696,0.414874322106229,0.08390115674138099,nonhydro_winter_run014.nc
random,95,1,True,1044,1044.0,1044,122.0540453450754,1347.5314072754238,870.0844556830265,1.5487363306790671,0.09057603012894273,0.09057603012894273,2.5453407753670825,0.5727969348659003,0.0421455938697318,0.5295815295815296,0.0009578544061302681,0.06087886900967732,0.04768220657345723,nonhydro_winter_run014.nc
random,96,0,False,421,421.0,,201.4488411691379,457.711143743315,201.24298315242785,2.274420387599949,0.0,nan,201.4488411691379,0.24228028503562946,0.026128266033254157,0.512280701754386,0.0,1.8022560926365614,0.17647436202536637,nonhydro_winter_run025.nc
random,96,1,True,421,421.0,421,81.94859438120093,482.95025018529634,216.9216274800301,2.226381277863854,0.16968330454277483,0.16968330454277483,2.661108113414308,0.6033254156769596,0.035629453681710214,0.4306049822064057,0.07363420427553444,0.05847079953627343,0.01812378632146394,nonhydro_winter_run025.nc
random,97,0,False,269,269.0,,96.18674024033263,375.05925907071577,294.17505951323994,1.2749526071017434,0.0,nan,96.18674024033263,0.08178438661710037,0.02973977695167286,0.5580110497237569,0.0,1.0565973752102025,0.23962556087664122,nonhydro_winter_run005.nc
random,97,1,True,269,269.0,269,41.499300762617864,292.3262628870436,93.62320669760952,3.122369690147641,0.14196227308749682,0.14196227308749682,2.9812562174599635,0.550185873605948,0.03717472118959108,0.47738693467336685,0.011152416356877323,0.14048837258295066,0.033823946732367105,nonhydro_winter_run005.nc
random,98,0,True,166,166.0,166,6.719633122910435,198.20710863249337,116.13648349029957,1.7066739294637663,0.03390207934151178,0.03390207934151178,2.4814126961479888,0.5662650602409639,0.024096385542168676,0.43859649122807015,0.29518072289156627,0.024371230257322907,0.04196961245945141,nonhydro_winter_run011.nc
random,98,1,False,166,166.0,,43.601786252947846,189.378816837393,108.13456537837276,1.7513254543053756,0.0,nan,12.464372076719862,0.5783132530120482,0.04216867469879518,0.5263157894736842,0.0,0.1900904172804445,0.16603381226990999,nonhydro_winter_run011.nc
random,99,0,False,264,264.0,,60.84815290712382,315.1439184832714,197.71550221436388,1.5939261967510834,0.0,nan,53.183600058186755,0.36742424242424243,0.045454545454545456,0.5224719101123596,0.0,0.3606820319549442,0.2786765765338449,nonhydro_winter_run029.nc
random,99,1,True,264,264.0,264,31.80556390121053,258.4595563389751,58.41096790701508,4.424846319109437,0.12305818500863194,0.12305818500863194,3.346233052275066,0.5492424242424242,0.041666666666666664,0.48484848484848486,0.10227272727272728,0.12402312290865325,0.025422872539890506,nonhydro_winter_run029.nc
